vaccine,strategy,country_code,country,year,age_first,age_last,age_range_verbatim,target,coverage,a0,a1,reached
MMR,"C: SIA, 1 dose 9-59 months",GEO,Georgia,2020,0.75,4,9-59m,231895,0.85,40,158,197110.75
MMR,"C: SIA, 1 dose 9-59 months",GEO,Georgia,2022,0.75,4,9-59m,216717.75,0.85,40,158,184210.0875
MMR,"C: SIA, 1 dose 9-59 months",GEO,Georgia,2024,0.75,4,9-59m,207984.75,0.85,40,158,176787.0375
MMR,"C: SIA, 1 dose 9-59 months",GEO,Georgia,2026,0.75,4,9-59m,199405,0.85,40,158,169494.25
MMR,"C: SIA, 1 dose 9-59 months",GEO,Georgia,2028,0.75,4,9-59m,191434.5,0.85,40,158,162719.325
MMR,"C: SIA, 1 dose 9-59 months",GEO,Georgia,2030,0.75,4,9-59m,185025.25,0.85,40,158,157271.4625
MMR,"C: SIA, 1 dose 9-59 months",IRQ,Iraq,2020,0.75,4,9-59m,4602775,0.85,40,158,3912358.75
MMR,"C: SIA, 1 dose 9-59 months",IRQ,Iraq,2023,0.75,4,9-59m,4664783,0.85,40,158,3965065.55
MMR,"C: SIA, 1 dose 9-59 months",IRQ,Iraq,2025,0.75,4,9-59m,4824209,0.85,40,158,4100577.65
MMR,"C: SIA, 1 dose 9-59 months",IRQ,Iraq,2027,0.75,4,9-59m,5007786.25,0.85,40,158,4256618.3125
MMR,"C: SIA, 1 dose 9-59 months",IRQ,Iraq,2029,0.75,4,9-59m,5086982.25,0.85,40,158,4323934.9125
MMR,"C: SIA, 1 dose 9-59 months",IRQ,Iraq,2033,0.75,4,9-59m,5275097.75,0.85,40,158,4483833.0875
MMR,"C: SIA, 1 dose 9-59 months",IRQ,Iraq,2037,0.75,4,9-59m,5467233.75,0.85,40,158,4647148.6875
MMR,"C: SIA, 1 dose 9-59 months",LBN,Lebanon,2020,0.75,4,9-59m,486399.25,0.85,40,158,413439.3625
MMR,"C: SIA, 1 dose 9-59 months",LBN,Lebanon,2023,0.75,4,9-59m,434166,0.85,40,158,369041.1
MMR,"C: SIA, 1 dose 9-59 months",LBN,Lebanon,2026,0.75,4,9-59m,413359.25,0.85,40,158,351355.3625
MMR,"C: SIA, 1 dose 9-59 months",LBN,Lebanon,2029,0.75,4,9-59m,381076.5,0.85,40,158,323915.025
MMR,"C: SIA, 1 dose 9-59 months",LBN,Lebanon,2033,0.75,4,9-59m,345005.25,0.85,40,158,293254.4625
MMR,"C: SIA, 1 dose 9-59 months",LBN,Lebanon,2037,0.75,4,9-59m,321271.75,0.85,40,158,273080.9875
MMR,"C: SIA, 1 dose 9-59 months",MYS,Malaysia,2020,0.75,4,9-59m,2235447.5,0.85,40,158,1900130.375
MMR,"C: SIA, 1 dose 9-59 months",MYS,Malaysia,2022,0.75,4,9-59m,2260002.25,0.85,40,158,1921001.9125
MMR,"C: SIA, 1 dose 9-59 months",MYS,Malaysia,2024,0.75,4,9-59m,2264736.75,0.85,40,158,1925026.2375
MMR,"C: SIA, 1 dose 9-59 months",MYS,Malaysia,2026,0.75,4,9-59m,2243018.75,0.85,40,158,1906565.9375
MMR,"C: SIA, 1 dose 9-59 months",MYS,Malaysia,2028,0.75,4,9-59m,2217088.25,0.85,40,158,1884525.0125
MMR,"C: SIA, 1 dose 9-59 months",MYS,Malaysia,2030,0.75,4,9-59m,2183912.75,0.85,40,158,1856325.8375
MMR,"C: SIA, 1 dose 9-59 months",MYS,Malaysia,2034,0.75,4,9-59m,2091946.5,0.85,40,158,1778154.525
MMR,"C: SIA, 1 dose 9-59 months",ROU,Romania,2020,0.75,4,9-59m,789659,0.85,40,158,671210.15
MMR,"C: SIA, 1 dose 9-59 months",ROU,Romania,2023,0.75,4,9-59m,782084,0.85,40,158,664771.4
MMR,"C: SIA, 1 dose 9-59 months",ROU,Romania,2026,0.75,4,9-59m,733284.75,0.85,40,158,623292.0375
MMR,"C: SIA, 1 dose 9-59 months",ROU,Romania,2029,0.75,4,9-59m,714589.25,0.85,40,158,607400.8625
MMR,"C: SIA, 1 dose 9-59 months",ROU,Romania,2032,0.75,4,9-59m,704795.5,0.85,40,158,599076.175
MMR,"C: SIA, 1 dose 9-59 months",ROU,Romania,2035,0.75,4,9-59m,693208.5,0.85,40,158,589227.225
MMR,"C: SIA, 1 dose 9-59 months",ROU,Romania,2038,0.75,4,9-59m,688722.25,0.85,40,158,585413.9125
MMR,"C: SIA, 1 dose 9-59 months",THA,Thailand,2022,0.75,4,9-59m,2986123.25,0.85,40,158,2538204.7625
MMR,"C: SIA, 1 dose 9-59 months",THA,Thailand,2025,0.75,4,9-59m,2840058.75,0.85,40,158,2414049.9375
MMR,"C: SIA, 1 dose 9-59 months",THA,Thailand,2028,0.75,4,9-59m,2712233.5,0.85,40,158,2305398.475
MMR,"C: SIA, 1 dose 9-59 months",THA,Thailand,2032,0.75,4,9-59m,2591816.5,0.85,40,158,2203044.025
MMR,"C: SIA, 1 dose 9-59 months",THA,Thailand,2036,0.75,4,9-59m,2493144.75,0.85,40,158,2119173.0375
MMR,"C: SIA, 1 dose 9-59 months",TUR,Turkey,2022,0.75,4,9-59m,5477598.75,0.85,40,158,4655958.9375
MMR,"C: SIA, 1 dose 9-59 months",TUR,Turkey,2027,0.75,4,9-59m,5267749.75,0.85,40,158,4477587.2875
MMR,"C: SIA, 1 dose 9-59 months",TUR,Turkey,2032,0.75,4,9-59m,5054985.5,0.85,40,158,4296737.675
MR,"C: SIA, 1 dose 9-59 months",AFG,Afghanistan,2024,0.75,14,9m-14y,15828772.25,0.85,40,168,13454456.4125
MR,"C: SIA, 1 dose 9-59 months",AFG,Afghanistan,2027,0.75,4,9-59m,4971506.5,0.85,40,158,4225780.525
MR,"C: SIA, 1 dose 9-59 months",AFG,Afghanistan,2030,0.75,4,9-59m,5001061,0.85,40,158,4250901.85
MR,"C: SIA, 1 dose 9-59 months",AFG,Afghanistan,2034,0.75,4,9-59m,5025777,0.85,40,158,4271910.45
MR,"C: SIA, 1 dose 9-59 months",AFG,Afghanistan,2038,0.75,4,9-59m,5022842.75,0.85,40,158,4269416.3375
MR,"C: SIA, 1 dose 9-59 months",AGO,Angola,2018,0.5,14,6m-14y,13841770,0.808180239954861,27,168,11186645
MR,"C: SIA, 1 dose 9-59 months",AGO,Angola,2020,0.75,4,9-59m,4886665.5,0.85,40,158,4153665.675
MR,"C: SIA, 1 dose 9-59 months",AGO,Angola,2022,0.75,4,9-59m,5099610.25,0.85,40,158,4334668.7125
MR,"C: SIA, 1 dose 9-59 months",AGO,Angola,2024,0.75,4,9-59m,5351423.25,0.85,40,158,4548709.7625
MR,"C: SIA, 1 dose 9-59 months",AGO,Angola,2026,0.75,4,9-59m,5634214,0.85,40,158,4789081.9
MR,"C: SIA, 1 dose 9-59 months",AGO,Angola,2028,0.75,4,9-59m,5914620.5,0.85,40,158,5027427.425
MR,"C: SIA, 1 dose 9-59 months",AGO,Angola,2030,0.75,4,9-59m,6196966.25,0.85,40,158,5267421.3125
MR,"C: SIA, 1 dose 9-59 months",AGO,Angola,2033,0.75,4,9-59m,6650942.25,0.85,40,158,5653300.9125
MR,"C: SIA, 1 dose 9-59 months",AGO,Angola,2036,0.75,4,9-59m,7098018,0.85,40,158,6033315.3
MR,"C: SIA, 1 dose 9-59 months",AGO,Angola,2039,0.75,4,9-59m,7530182.5,0.85,40,158,6400655.125
MR,"C: SIA, 1 dose 9-59 months",BDI,Burundi,2022,0.75,4,9-59m,1788033.75,0.85,40,158,1519828.6875
MR,"C: SIA, 1 dose 9-59 months",BDI,Burundi,2026,0.75,4,9-59m,1910065,0.85,40,158,1623555.25
MR,"C: SIA, 1 dose 9-59 months",BDI,Burundi,2030,0.75,4,9-59m,2022486,0.85,40,158,1719113.1
MR,"C: SIA, 1 dose 9-59 months",BDI,Burundi,2034,0.75,4,9-59m,2147498.5,0.85,40,158,1825373.725
MR,"C: SIA, 1 dose 9-59 months",BDI,Burundi,2038,0.75,4,9-59m,2285750.5,0.85,40,158,1942887.925
MR,"C: SIA, 1 dose 9-59 months",BEN,Benin,2019,0.75,14,9m-14y,4685591,1,40,168,4685591
MR,"C: SIA, 1 dose 9-59 months",BEN,Benin,2022,0.75,4,9-59m,1668721,0.85,40,158,1418412.85
MR,"C: SIA, 1 dose 9-59 months",BEN,Benin,2025,0.75,4,9-59m,1759961.5,0.85,40,158,1495967.275
MR,"C: SIA, 1 dose 9-59 months",BEN,Benin,2028,0.75,4,9-59m,1858799.75,0.85,40,158,1579979.7875
MR,"C: SIA, 1 dose 9-59 months",BEN,Benin,2032,0.75,4,9-59m,1987381.75,0.85,40,158,1689274.4875
MR,"C: SIA, 1 dose 9-59 months",BEN,Benin,2036,0.75,4,9-59m,2111561.25,0.85,40,158,1794827.0625
MR,"C: SIA, 1 dose 9-59 months",BEN,Benin,2040,0.75,4,9-59m,2228087,0.85,40,158,1893873.95
MR,"C: SIA, 1 dose 9-59 months",BFA,Burkina Faso,2014,0.75,14,9m-14y,7560141,0.896487512600625,40,168,6777572
MR,"C: SIA, 1 dose 9-59 months",BFA,Burkina Faso,2023,0.75,4,9-59m,3092838.75,0.85,40,158,2628912.9375
MR,"C: SIA, 1 dose 9-59 months",BFA,Burkina Faso,2027,0.75,4,9-59m,3327074.75,0.85,40,158,2828013.5375
MR,"C: SIA, 1 dose 9-59 months",BFA,Burkina Faso,2031,0.75,4,9-59m,3573426.5,0.85,40,158,3037412.525
MR,"C: SIA, 1 dose 9-59 months",BFA,Burkina Faso,2035,0.75,4,9-59m,3807159,0.85,40,158,3236085.15
MR,"C: SIA, 1 dose 9-59 months",BFA,Burkina Faso,2039,0.75,4,9-59m,4029593,0.85,40,158,3425154.05
MR,"C: SIA, 1 dose 9-59 months",BGD,Bangladesh,2024,0.75,4,9-59m,11865435,0.85,40,158,10085619.75
MR,"C: SIA, 1 dose 9-59 months",BGD,Bangladesh,2029,0.75,4,9-59m,11224331,0.85,40,158,9540681.35
MR,"C: SIA, 1 dose 9-59 months",BRA,Brazil,2021,0.75,4,9-59m,12268116.5,0.85,40,158,10427899.025
MR,"C: SIA, 1 dose 9-59 months",BRA,Brazil,2024,0.75,4,9-59m,11860522.5,0.85,40,158,10081444.125
MR,"C: SIA, 1 dose 9-59 months",BRA,Brazil,2027,0.75,4,9-59m,11306796.25,0.85,40,158,9610776.8125
MR,"C: SIA, 1 dose 9-59 months",BRA,Brazil,2030,0.75,4,9-59m,10912440.5,0.85,40,158,9275574.425
MR,"C: SIA, 1 dose 9-59 months",BRA,Brazil,2034,0.75,4,9-59m,10443527.5,0.85,40,158,8876998.375
MR,"C: SIA, 1 dose 9-59 months",BRA,Brazil,2038,0.75,4,9-59m,10028518.75,0.85,40,158,8524240.9375
MR,"C: SIA, 1 dose 9-59 months",BWA,Botswana,2016,0.75,14,9m-14y,708416.5,0.967381476857188,40,168,685309
MR,"C: SIA, 1 dose 9-59 months",BWA,Botswana,2020,0.75,4,9-59m,231715.5,0.85,40,158,196958.175
MR,"C: SIA, 1 dose 9-59 months",BWA,Botswana,2024,0.75,4,9-59m,227489.25,0.85,40,158,193365.8625
MR,"C: SIA, 1 dose 9-59 months",BWA,Botswana,2028,0.75,4,9-59m,225382.5,0.85,40,158,191575.125
MR,"C: SIA, 1 dose 9-59 months",BWA,Botswana,2032,0.75,4,9-59m,228473.75,0.85,40,158,194202.6875
MR,"C: SIA, 1 dose 9-59 months",BWA,Botswana,2036,0.75,4,9-59m,231627,0.85,40,158,196882.95
MR,"C: SIA, 1 dose 9-59 months",BWA,Botswana,2040,0.75,4,9-59m,234577.75,0.85,40,158,199391.0875
MR,"C: SIA, 1 dose 9-59 months",CIV,Côte d'Ivoire,2018,0.75,14,9m-14y,9881675.5,1,40,168,9881675.5
MR,"C: SIA, 1 dose 9-59 months",CIV,Côte d'Ivoire,2021,0.75,4,9-59m,3553945.5,0.85,40,158,3020853.675
MR,"C: SIA, 1 dose 9-59 months",CIV,Côte d'Ivoire,2024,0.75,4,9-59m,3752355.75,0.85,40,158,3189502.3875
MR,"C: SIA, 1 dose 9-59 months",CIV,Côte d'Ivoire,2027,0.75,4,9-59m,3946181.75,0.85,40,158,3354254.4875
MR,"C: SIA, 1 dose 9-59 months",CIV,Côte d'Ivoire,2030,0.75,4,9-59m,4132629.75,0.85,40,158,3512735.2875
MR,"C: SIA, 1 dose 9-59 months",CIV,Côte d'Ivoire,2034,0.75,4,9-59m,4374574.25,0.85,40,158,3718388.1125
MR,"C: SIA, 1 dose 9-59 months",CIV,Côte d'Ivoire,2038,0.75,4,9-59m,4614323.25,0.85,40,158,3922174.7625
MR,"C: SIA, 1 dose 9-59 months",CMR,Cameroon,2019,0.75,4,9-59m,3426984.5,0.682046563093589,40,158,2337363
MR,"C: SIA, 1 dose 9-59 months",CMR,Cameroon,2021,0.75,4,9-59m,3524833.75,0.85,40,158,2996108.6875
MR,"C: SIA, 1 dose 9-59 months",CMR,Cameroon,2023,0.75,4,9-59m,3623163,0.85,40,158,3079688.55
MR,"C: SIA, 1 dose 9-59 months",CMR,Cameroon,2025,0.75,4,9-59m,3724530.25,0.85,40,158,3165850.7125
MR,"C: SIA, 1 dose 9-59 months",CMR,Cameroon,2027,0.75,4,9-59m,3839550.25,0.85,40,158,3263617.7125
MR,"C: SIA, 1 dose 9-59 months",CMR,Cameroon,2029,0.75,4,9-59m,3943113.5,0.85,40,158,3351646.475
MR,"C: SIA, 1 dose 9-59 months",CMR,Cameroon,2032,0.75,4,9-59m,4111886.75,0.85,40,158,3495103.7375
MR,"C: SIA, 1 dose 9-59 months",CMR,Cameroon,2035,0.75,4,9-59m,4262856.5,0.85,40,158,3623428.025
MR,"C: SIA, 1 dose 9-59 months",CMR,Cameroon,2038,0.75,4,9-59m,4421219,0.85,40,158,3758036.15
MR,"C: SIA, 1 dose 9-59 months",COD,Democratic Republic of the Congo,2024,0.75,14,9m-14y,42612424,0.85,40,168,36220560.4
MR,"C: SIA, 1 dose 9-59 months",COD,Democratic Republic of the Congo,2027,0.75,4,9-59m,15291627.5,0.85,40,158,12997883.375
MR,"C: SIA, 1 dose 9-59 months",COD,Democratic Republic of the Congo,2030,0.75,4,9-59m,16131543,0.85,40,158,13711811.55
MR,"C: SIA, 1 dose 9-59 months",COD,Democratic Republic of the Congo,2033,0.75,4,9-59m,17043621,0.85,40,158,14487077.85
MR,"C: SIA, 1 dose 9-59 months",COD,Democratic Republic of the Congo,2036,0.75,4,9-59m,17903222,0.85,40,158,15217738.7
MR,"C: SIA, 1 dose 9-59 months",COD,Democratic Republic of the Congo,2039,0.75,4,9-59m,18649277.25,0.85,40,158,15851885.6625
MR,"C: SIA, 1 dose 9-59 months",COG,Congo,2022,0.75,4,9-59m,710373.5,0.85,40,158,603817.475
MR,"C: SIA, 1 dose 9-59 months",COG,Congo,2025,0.75,4,9-59m,744989.25,0.85,40,158,633240.8625
MR,"C: SIA, 1 dose 9-59 months",COG,Congo,2028,0.75,4,9-59m,788166.5,0.85,40,158,669941.525
MR,"C: SIA, 1 dose 9-59 months",COG,Congo,2032,0.75,4,9-59m,848853.75,0.85,40,158,721525.6875
MR,"C: SIA, 1 dose 9-59 months",COG,Congo,2036,0.75,4,9-59m,910110,0.85,40,158,773593.5
MR,"C: SIA, 1 dose 9-59 months",COG,Congo,2040,0.75,4,9-59m,965891.75,0.85,40,158,821007.9875
MR,"C: SIA, 1 dose 9-59 months",COM,Comoros,2024,0.75,4,9-59m,108071.5,0.85,40,158,91860.775
MR,"C: SIA, 1 dose 9-59 months",COM,Comoros,2028,0.75,4,9-59m,111934.75,0.85,40,158,95144.5375
MR,"C: SIA, 1 dose 9-59 months",COM,Comoros,2032,0.75,4,9-59m,115788,0.85,40,158,98419.8
MR,"C: SIA, 1 dose 9-59 months",COM,Comoros,2036,0.75,4,9-59m,119882.25,0.85,40,158,101899.9125
MR,"C: SIA, 1 dose 9-59 months",COM,Comoros,2040,0.75,4,9-59m,123661.25,0.85,40,158,105112.0625
MR,"C: SIA, 1 dose 9-59 months",CPV,Cabo Verde,2013,0.75,24,9m-24y,257847.25,0.966944576682513,40,178,249324
MR,"C: SIA, 1 dose 9-59 months",CPV,Cabo Verde,2023,0.75,4,9-59m,42742.5,0.85,40,158,36331.125
MR,"C: SIA, 1 dose 9-59 months",CPV,Cabo Verde,2027,0.75,4,9-59m,41032.5,0.85,40,158,34877.625
MR,"C: SIA, 1 dose 9-59 months",DJI,Djibouti,2024,0.75,14,9m-14y,277152.5,0.85,40,168,235579.625
MR,"C: SIA, 1 dose 9-59 months",DJI,Djibouti,2029,0.75,4,9-59m,79330.75,0.85,40,158,67431.1375
MR,"C: SIA, 1 dose 9-59 months",DJI,Djibouti,2034,0.75,4,9-59m,76183,0.85,40,158,64755.55
MR,"C: SIA, 1 dose 9-59 months",DJI,Djibouti,2039,0.75,4,9-59m,74259.5,0.85,40,158,63120.575
MR,"C: SIA, 1 dose 9-59 months",DZA,Algeria,2021,0.75,4,9-59m,4288918,0.85,40,158,3645580.3
MR,"C: SIA, 1 dose 9-59 months",DZA,Algeria,2024,0.75,4,9-59m,4054590.5,0.85,40,158,3446401.925
MR,"C: SIA, 1 dose 9-59 months",DZA,Algeria,2027,0.75,4,9-59m,3694734,0.85,40,158,3140523.9
MR,"C: SIA, 1 dose 9-59 months",DZA,Algeria,2030,0.75,4,9-59m,3523109.75,0.85,40,158,2994643.2875
MR,"C: SIA, 1 dose 9-59 months",DZA,Algeria,2034,0.75,4,9-59m,3390783.5,0.85,40,158,2882165.975
MR,"C: SIA, 1 dose 9-59 months",DZA,Algeria,2038,0.75,4,9-59m,3426002,0.85,40,158,2912101.7
MR,"C: SIA, 1 dose 9-59 months",EGY,Egypt,2023,0.75,4,9-59m,10557258.5,0.85,40,158,8973669.725
MR,"C: SIA, 1 dose 9-59 months",EGY,Egypt,2025,0.75,4,9-59m,10573612,0.85,40,158,8987570.2
MR,"C: SIA, 1 dose 9-59 months",EGY,Egypt,2027,0.75,4,9-59m,10572220,0.85,40,158,8986387
MR,"C: SIA, 1 dose 9-59 months",EGY,Egypt,2029,0.75,4,9-59m,10531857.25,0.85,40,158,8952078.6625
MR,"C: SIA, 1 dose 9-59 months",ERI,Eritrea,2022,0.75,14,9m-14y,1386420,0.85,40,168,1178457
MR,"C: SIA, 1 dose 9-59 months",ERI,Eritrea,2026,0.75,4,9-59m,425732.5,0.85,40,158,361872.625
MR,"C: SIA, 1 dose 9-59 months",ERI,Eritrea,2030,0.75,4,9-59m,447139.75,0.85,40,158,380068.7875
MR,"C: SIA, 1 dose 9-59 months",ERI,Eritrea,2034,0.75,4,9-59m,476133,0.85,40,158,404713.05
MR,"C: SIA, 1 dose 9-59 months",ETH,Ethiopia,2022,0.75,14,9m-14y,44721724,0.85,40,168,38013465.4
MR,"C: SIA, 1 dose 9-59 months",ETH,Ethiopia,2025,0.75,4,9-59m,15105978.25,0.85,40,158,12840081.5125
MR,"C: SIA, 1 dose 9-59 months",ETH,Ethiopia,2028,0.75,4,9-59m,15498555.75,0.85,40,158,13173772.3875
MR,"C: SIA, 1 dose 9-59 months",ETH,Ethiopia,2032,0.75,4,9-59m,15839584.5,0.85,40,158,13463646.825
MR,"C: SIA, 1 dose 9-59 months",ETH,Ethiopia,2035,0.75,4,9-59m,16021142.75,0.85,40,158,13617971.3375
MR,"C: SIA, 1 dose 9-59 months",ETH,Ethiopia,2038,0.75,4,9-59m,16183524,0.85,40,158,13755995.4
MR,"C: SIA, 1 dose 9-59 months",FJI,Fiji,2026,0.75,4,9-59m,73530.25,0.85,40,158,62500.7125
MR,"C: SIA, 1 dose 9-59 months",GAB,Gabon,2029,0.75,14,9m-14y,904060.75,0.85,40,168,768451.6375
MR,"C: SIA, 1 dose 9-59 months",GAB,Gabon,2032,0.75,4,9-59m,277113.75,0.85,40,158,235546.6875
MR,"C: SIA, 1 dose 9-59 months",GAB,Gabon,2035,0.75,4,9-59m,281215.25,0.85,40,158,239032.9625
MR,"C: SIA, 1 dose 9-59 months",GAB,Gabon,2038,0.75,4,9-59m,289605,0.85,40,158,246164.25
MR,"C: SIA, 1 dose 9-59 months",GHA,Ghana,2013,0.75,14,9m-14y,9677638.75,1,40,168,9677638.75
MR,"C: SIA, 1 dose 9-59 months",GHA,Ghana,2018,0.75,4,9-59m,3475705.5,1,40,158,3475705.5
MR,"C: SIA, 1 dose 9-59 months",GHA,Ghana,2022,0.75,4,9-59m,3585825.25,0.85,40,158,3047951.4625
MR,"C: SIA, 1 dose 9-59 months",GHA,Ghana,2026,0.75,4,9-59m,3733349.75,0.85,40,158,3173347.2875
MR,"C: SIA, 1 dose 9-59 months",GHA,Ghana,2030,0.75,4,9-59m,3858271.5,0.85,40,158,3279530.775
MR,"C: SIA, 1 dose 9-59 months",GHA,Ghana,2034,0.75,4,9-59m,3995130.25,0.85,40,158,3395860.7125
MR,"C: SIA, 1 dose 9-59 months",GHA,Ghana,2038,0.75,4,9-59m,4136621.25,0.85,40,158,3516128.0625
MR,"C: SIA, 1 dose 9-59 months",GIN,Guinea,2024,0.75,14,9m-14y,5735076.25,0.85,40,168,4874814.8125
MR,"C: SIA, 1 dose 9-59 months",GIN,Guinea,2026,0.75,4,9-59m,1970277.75,0.85,40,158,1674736.0875
MR,"C: SIA, 1 dose 9-59 months",GIN,Guinea,2028,0.75,4,9-59m,2031244.5,0.85,40,158,1726557.825
MR,"C: SIA, 1 dose 9-59 months",GIN,Guinea,2030,0.75,4,9-59m,2087380,0.85,40,158,1774273
MR,"C: SIA, 1 dose 9-59 months",GIN,Guinea,2033,0.75,4,9-59m,2168463.75,0.85,40,158,1843194.1875
MR,"C: SIA, 1 dose 9-59 months",GIN,Guinea,2036,0.75,4,9-59m,2241294.75,0.85,40,158,1905100.5375
MR,"C: SIA, 1 dose 9-59 months",GIN,Guinea,2039,0.75,4,9-59m,2307128.5,0.85,40,158,1961059.225
MR,"C: SIA, 1 dose 9-59 months",GMB,Gambia,2016,0.75,14,9m-14y,895350.5,0.869132256027109,40,168,778178
MR,"C: SIA, 1 dose 9-59 months",GMB,Gambia,2021,0.75,4,9-59m,351907.25,0.85,40,158,299121.1625
MR,"C: SIA, 1 dose 9-59 months",GMB,Gambia,2025,0.75,4,9-59m,376681.75,0.85,40,158,320179.4875
MR,"C: SIA, 1 dose 9-59 months",GMB,Gambia,2029,0.75,4,9-59m,398969.75,0.85,40,158,339124.2875
MR,"C: SIA, 1 dose 9-59 months",GMB,Gambia,2033,0.75,4,9-59m,419183.25,0.85,40,158,356305.7625
MR,"C: SIA, 1 dose 9-59 months",GMB,Gambia,2037,0.75,4,9-59m,437202.75,0.85,40,158,371622.3375
MR,"C: SIA, 1 dose 9-59 months",GNB,Guinea-Bissau,2025,0.75,14,9m-14y,842747,0.85,40,168,716334.95
MR,"C: SIA, 1 dose 9-59 months",GNB,Guinea-Bissau,2028,0.75,4,9-59m,278924,0.85,40,158,237085.4
MR,"C: SIA, 1 dose 9-59 months",GNB,Guinea-Bissau,2032,0.75,4,9-59m,290370.5,0.85,40,158,246814.925
MR,"C: SIA, 1 dose 9-59 months",GNB,Guinea-Bissau,2036,0.75,4,9-59m,301943.75,0.85,40,158,256652.1875
MR,"C: SIA, 1 dose 9-59 months",GNB,Guinea-Bissau,2040,0.75,4,9-59m,312752.75,0.85,40,158,265839.8375
MR,"C: SIA, 1 dose 9-59 months",GNQ,Equatorial Guinea,2028,0.75,14,9m-14y,597900.25,0.85,40,168,508215.2125
MR,"C: SIA, 1 dose 9-59 months",GNQ,Equatorial Guinea,2032,0.75,4,9-59m,211307.5,0.85,40,158,179611.375
MR,"C: SIA, 1 dose 9-59 months",GNQ,Equatorial Guinea,2035,0.75,4,9-59m,218833,0.85,40,158,186008.05
MR,"C: SIA, 1 dose 9-59 months",GNQ,Equatorial Guinea,2038,0.75,4,9-59m,225538.75,0.85,40,158,191707.9375
MR,"C: SIA, 1 dose 9-59 months",IDN,Indonesia,2021,0.75,4,9-59m,19883273.75,0.85,40,158,16900782.6875
MR,"C: SIA, 1 dose 9-59 months",IDN,Indonesia,2026,0.75,4,9-59m,19645925,0.85,40,158,16699036.25
MR,"C: SIA, 1 dose 9-59 months",IDN,Indonesia,2031,0.75,4,9-59m,19280332.75,0.85,40,158,16388282.8375
MR,"C: SIA, 1 dose 9-59 months",IDN,Indonesia,2035,0.75,4,9-59m,19034835.5,0.85,40,158,16179610.175
MR,"C: SIA, 1 dose 9-59 months",IDN,Indonesia,2039,0.75,4,9-59m,18797570.25,0.85,40,158,15977934.7125
MR,"C: SIA, 1 dose 9-59 months",IND,India,2022,0.75,4,9-59m,99883126.75,0.85,40,158,84900657.7375
MR,"C: SIA, 1 dose 9-59 months",IND,India,2024,0.75,4,9-59m,99049577.25,0.85,40,158,84192140.6625
MR,"C: SIA, 1 dose 9-59 months",KAZ,Kazakhstan,2023,0.75,14,9m-14y,5355754,0.85,40,168,4552390.9
MR,"C: SIA, 1 dose 9-59 months",KAZ,Kazakhstan,2027,0.75,4,9-59m,1400481.25,0.85,40,158,1190409.0625
MR,"C: SIA, 1 dose 9-59 months",KEN,Kenya,2016,0.75,14,9m-14y,19022401.5,0.948954631201534,40,168,18051396
MR,"C: SIA, 1 dose 9-59 months",KEN,Kenya,2020,0.75,4,9-59m,5980515.75,0.85,40,158,5083438.3875
MR,"C: SIA, 1 dose 9-59 months",KEN,Kenya,2024,0.75,4,9-59m,6230124,0.85,40,158,5295605.4
MR,"C: SIA, 1 dose 9-59 months",KEN,Kenya,2028,0.75,4,9-59m,6622913,0.85,40,158,5629476.05
MR,"C: SIA, 1 dose 9-59 months",KEN,Kenya,2032,0.75,4,9-59m,6856549.75,0.85,40,158,5828067.2875
MR,"C: SIA, 1 dose 9-59 months",KEN,Kenya,2036,0.75,4,9-59m,7068262.25,0.85,40,158,6008022.9125
MR,"C: SIA, 1 dose 9-59 months",KEN,Kenya,2040,0.75,4,9-59m,7144883.25,0.85,40,158,6073150.7625
MR,"C: SIA, 1 dose 9-59 months",KGZ,Kyrgyzstan,2021,0.75,4,9-59m,633325.25,0.85,40,158,538326.4625
MR,"C: SIA, 1 dose 9-59 months",KGZ,Kyrgyzstan,2024,0.75,4,9-59m,615746,0.85,40,158,523384.1
MR,"C: SIA, 1 dose 9-59 months",KGZ,Kyrgyzstan,2027,0.75,4,9-59m,603797,0.85,40,158,513227.45
MR,"C: SIA, 1 dose 9-59 months",KGZ,Kyrgyzstan,2030,0.75,4,9-59m,588192.5,0.85,40,158,499963.625
MR,"C: SIA, 1 dose 9-59 months",KIR,Kiribati,2024,0.75,4,9-59m,13008.25,0.85,40,158,11057.0125
MR,"C: SIA, 1 dose 9-59 months",KIR,Kiribati,2029,0.75,4,9-59m,12891.25,0.85,40,158,10957.5625
MR,"C: SIA, 1 dose 9-59 months",KIR,Kiribati,2034,0.75,4,9-59m,12838.25,0.85,40,158,10912.5125
MR,"C: SIA, 1 dose 9-59 months",LAO,Lao People's Democratic Republic,2021,0.75,4,9-59m,679413,0.85,40,158,577501.05
MR,"C: SIA, 1 dose 9-59 months",LAO,Lao People's Democratic Republic,2024,0.75,4,9-59m,667381.25,0.85,40,158,567274.0625
MR,"C: SIA, 1 dose 9-59 months",LAO,Lao People's Democratic Republic,2027,0.75,4,9-59m,648335.5,0.85,40,158,551085.175
MR,"C: SIA, 1 dose 9-59 months",LAO,Lao People's Democratic Republic,2030,0.75,4,9-59m,635298.5,0.85,40,158,540003.725
MR,"C: SIA, 1 dose 9-59 months",LAO,Lao People's Democratic Republic,2034,0.75,4,9-59m,616681.5,0.85,40,158,524179.275
MR,"C: SIA, 1 dose 9-59 months",LAO,Lao People's Democratic Republic,2038,0.75,4,9-59m,600014.75,0.85,40,158,510012.5375
MR,"C: SIA, 1 dose 9-59 months",LBR,Liberia,2021,0.75,14,9m-14y,1956105.25,0.85,40,168,1662689.4625
MR,"C: SIA, 1 dose 9-59 months",LBR,Liberia,2024,0.75,4,9-59m,665345,0.85,40,158,565543.25
MR,"C: SIA, 1 dose 9-59 months",LBR,Liberia,2027,0.75,4,9-59m,699529.25,0.85,40,158,594599.8625
MR,"C: SIA, 1 dose 9-59 months",LBR,Liberia,2030,0.75,4,9-59m,727910,0.85,40,158,618723.5
MR,"C: SIA, 1 dose 9-59 months",LBR,Liberia,2034,0.75,4,9-59m,764723,0.85,40,158,650014.55
MR,"C: SIA, 1 dose 9-59 months",LBR,Liberia,2038,0.75,4,9-59m,798065.25,0.85,40,158,678355.4625
MR,"C: SIA, 1 dose 9-59 months",LBY,Libya,2021,0.75,4,9-59m,522686.75,0.85,40,158,444283.7375
MR,"C: SIA, 1 dose 9-59 months",LBY,Libya,2024,0.75,4,9-59m,503652.5,0.85,40,158,428104.625
MR,"C: SIA, 1 dose 9-59 months",LBY,Libya,2027,0.75,4,9-59m,489298.25,0.85,40,158,415903.5125
MR,"C: SIA, 1 dose 9-59 months",LBY,Libya,2030,0.75,4,9-59m,469266,0.85,40,158,398876.1
MR,"C: SIA, 1 dose 9-59 months",LBY,Libya,2034,0.75,4,9-59m,453951.75,0.85,40,158,385858.9875
MR,"C: SIA, 1 dose 9-59 months",LBY,Libya,2038,0.75,4,9-59m,451003,0.85,40,158,383352.55
MR,"C: SIA, 1 dose 9-59 months",LSO,Lesotho,2017,0.75,14,9m-14y,649418.25,0.854888201863745,40,168,555180
MR,"C: SIA, 1 dose 9-59 months",LSO,Lesotho,2021,0.75,4,9-59m,215159.5,0.85,40,158,182885.575
MR,"C: SIA, 1 dose 9-59 months",LSO,Lesotho,2025,0.75,4,9-59m,208330.5,0.85,40,158,177080.925
MR,"C: SIA, 1 dose 9-59 months",LSO,Lesotho,2029,0.75,4,9-59m,205491,0.85,40,158,174667.35
MR,"C: SIA, 1 dose 9-59 months",LSO,Lesotho,2033,0.75,4,9-59m,204277,0.85,40,158,173635.45
MR,"C: SIA, 1 dose 9-59 months",LSO,Lesotho,2037,0.75,4,9-59m,201661.75,0.85,40,158,171412.4875
MR,"C: SIA, 1 dose 9-59 months",MAR,Morocco,2021,0.75,4,9-59m,2786588,0.85,40,158,2368599.8
MR,"C: SIA, 1 dose 9-59 months",MAR,Morocco,2024,0.75,4,9-59m,2738004,0.85,40,158,2327303.4
MR,"C: SIA, 1 dose 9-59 months",MAR,Morocco,2027,0.75,4,9-59m,2710605.25,0.85,40,158,2304014.4625
MR,"C: SIA, 1 dose 9-59 months",MAR,Morocco,2030,0.75,4,9-59m,2634706,0.85,40,158,2239500.1
MR,"C: SIA, 1 dose 9-59 months",MDG,Madagascar,2024,0.75,14,9m-14y,11297030,0.85,40,168,9602475.5
MR,"C: SIA, 1 dose 9-59 months",MDG,Madagascar,2027,0.75,4,9-59m,3947811.75,0.85,40,158,3355639.9875
MR,"C: SIA, 1 dose 9-59 months",MDG,Madagascar,2030,0.75,4,9-59m,4127243,0.85,40,158,3508156.55
MR,"C: SIA, 1 dose 9-59 months",MDG,Madagascar,2034,0.75,4,9-59m,4335312.5,0.85,40,158,3685015.625
MR,"C: SIA, 1 dose 9-59 months",MDG,Madagascar,2038,0.75,4,9-59m,4533486,0.85,40,158,3853463.1
MR,"C: SIA, 1 dose 9-59 months",MLI,Mali,2022,0.75,14,9m-14y,9366233.5,0.85,40,168,7961298.475
MR,"C: SIA, 1 dose 9-59 months",MLI,Mali,2025,0.75,4,9-59m,3355961.75,0.85,40,158,2852567.4875
MR,"C: SIA, 1 dose 9-59 months",MLI,Mali,2028,0.75,4,9-59m,3577110.5,0.85,40,158,3040543.925
MR,"C: SIA, 1 dose 9-59 months",MLI,Mali,2032,0.75,4,9-59m,3863069,0.85,40,158,3283608.65
MR,"C: SIA, 1 dose 9-59 months",MLI,Mali,2036,0.75,4,9-59m,4112183.75,0.85,40,158,3495356.1875
MR,"C: SIA, 1 dose 9-59 months",MLI,Mali,2040,0.75,4,9-59m,4336116.25,0.85,40,158,3685698.8125
MR,"C: SIA, 1 dose 9-59 months",MMR,Myanmar,2023,0.75,4,9-59m,3836085.25,0.85,40,158,3260672.4625
MR,"C: SIA, 1 dose 9-59 months",MMR,Myanmar,2027,0.75,4,9-59m,3793998.25,0.85,40,158,3224898.5125
MR,"C: SIA, 1 dose 9-59 months",MMR,Myanmar,2031,0.75,4,9-59m,3773649.5,0.85,40,158,3207602.075
MR,"C: SIA, 1 dose 9-59 months",MMR,Myanmar,2035,0.75,4,9-59m,3700975,0.85,40,158,3145828.75
MR,"C: SIA, 1 dose 9-59 months",MMR,Myanmar,2039,0.75,4,9-59m,3585797,0.85,40,158,3047927.45
MR,"C: SIA, 1 dose 9-59 months",MOZ,Mozambique,2018,0.5,14,6m-14y,12655159.5,0.779978869487974,27,168,9870756.99999999
MR,"C: SIA, 1 dose 9-59 months",MOZ,Mozambique,2022,0.75,4,9-59m,4539264.75,0.85,40,158,3858375.0375
MR,"C: SIA, 1 dose 9-59 months",MOZ,Mozambique,2026,0.75,4,9-59m,4925910,0.85,40,158,4187023.5
MR,"C: SIA, 1 dose 9-59 months",MOZ,Mozambique,2030,0.75,4,9-59m,5281064.5,0.85,40,158,4488904.825
MR,"C: SIA, 1 dose 9-59 months",MOZ,Mozambique,2034,0.75,4,9-59m,5610589,0.85,40,158,4769000.65
MR,"C: SIA, 1 dose 9-59 months",MOZ,Mozambique,2038,0.75,4,9-59m,5919659.75,0.85,40,158,5031710.7875
MR,"C: SIA, 1 dose 9-59 months",MRT,Mauritania,2021,0.75,4,9-59m,591685,0.85,40,158,502932.25
MR,"C: SIA, 1 dose 9-59 months",MRT,Mauritania,2024,0.75,4,9-59m,620358.75,0.85,40,158,527304.9375
MR,"C: SIA, 1 dose 9-59 months",MRT,Mauritania,2027,0.75,4,9-59m,650298.25,0.85,40,158,552753.5125
MR,"C: SIA, 1 dose 9-59 months",MRT,Mauritania,2030,0.75,4,9-59m,677924.25,0.85,40,158,576235.6125
MR,"C: SIA, 1 dose 9-59 months",MRT,Mauritania,2034,0.75,4,9-59m,717481.25,0.85,40,158,609859.0625
MR,"C: SIA, 1 dose 9-59 months",MRT,Mauritania,2038,0.75,4,9-59m,759147.5,0.85,40,158,645275.375
MR,"C: SIA, 1 dose 9-59 months",MWI,Malawi,2017,0.75,14,9m-14y,7402344,0.993243896798095,40,168,7352333
MR,"C: SIA, 1 dose 9-59 months",MWI,Malawi,2021,0.75,4,9-59m,2508763,0.85,40,158,2132448.55
MR,"C: SIA, 1 dose 9-59 months",MWI,Malawi,2025,0.75,4,9-59m,2724912,0.85,40,158,2316175.2
MR,"C: SIA, 1 dose 9-59 months",MWI,Malawi,2029,0.75,4,9-59m,2949736.5,0.85,40,158,2507276.025
MR,"C: SIA, 1 dose 9-59 months",MWI,Malawi,2033,0.75,4,9-59m,3115736,0.85,40,158,2648375.6
MR,"C: SIA, 1 dose 9-59 months",MWI,Malawi,2037,0.75,4,9-59m,3252836.75,0.85,40,158,2764911.2375
MR,"C: SIA, 1 dose 9-59 months",NAM,Namibia,2020,0.75,4,9-59m,285789.75,0.85,40,158,242921.2875
MR,"C: SIA, 1 dose 9-59 months",NAM,Namibia,2024,0.75,4,9-59m,287729.75,0.85,40,158,244570.2875
MR,"C: SIA, 1 dose 9-59 months",NAM,Namibia,2028,0.75,4,9-59m,289583.25,0.85,40,158,246145.7625
MR,"C: SIA, 1 dose 9-59 months",NAM,Namibia,2032,0.75,4,9-59m,293328,0.85,40,158,249328.8
MR,"C: SIA, 1 dose 9-59 months",NAM,Namibia,2036,0.75,4,9-59m,299759.25,0.85,40,158,254795.3625
MR,"C: SIA, 1 dose 9-59 months",NAM,Namibia,2040,0.75,4,9-59m,306420.75,0.85,40,158,260457.6375
MR,"C: SIA, 1 dose 9-59 months",NER,Niger,2022,0.75,14,9m-14y,12059568.75,0.85,40,168,10250633.4375
MR,"C: SIA, 1 dose 9-59 months",NER,Niger,2025,0.75,4,9-59m,4676179.5,0.85,40,158,3974752.575
MR,"C: SIA, 1 dose 9-59 months",NER,Niger,2028,0.75,4,9-59m,5116445,0.85,40,158,4348978.25
MR,"C: SIA, 1 dose 9-59 months",NER,Niger,2032,0.75,4,9-59m,5725533,0.85,40,158,4866703.05
MR,"C: SIA, 1 dose 9-59 months",NER,Niger,2036,0.75,4,9-59m,6341406.25,0.85,40,158,5390195.3125
MR,"C: SIA, 1 dose 9-59 months",NER,Niger,2040,0.75,4,9-59m,6938377.5,0.85,40,158,5897620.875
MR,"C: SIA, 1 dose 9-59 months",NGA,Nigeria,2021,0.75,14,9m-14y,86150959.75,0.85,40,168,73228315.7875
MR,"C: SIA, 1 dose 9-59 months",NGA,Nigeria,2023,0.75,4,9-59m,29998068.25,0.85,40,158,25498358.0125
MR,"C: SIA, 1 dose 9-59 months",NGA,Nigeria,2025,0.75,4,9-59m,30977102,0.85,40,158,26330536.7
MR,"C: SIA, 1 dose 9-59 months",NGA,Nigeria,2027,0.75,4,9-59m,32064080,0.85,40,158,27254468
MR,"C: SIA, 1 dose 9-59 months",NGA,Nigeria,2029,0.75,4,9-59m,33057629.75,0.85,40,158,28098985.2875
MR,"C: SIA, 1 dose 9-59 months",NGA,Nigeria,2032,0.75,4,9-59m,34708488.25,0.85,40,158,29502215.0125
MR,"C: SIA, 1 dose 9-59 months",NGA,Nigeria,2035,0.75,4,9-59m,36224577,0.85,40,158,30790890.45
MR,"C: SIA, 1 dose 9-59 months",NGA,Nigeria,2038,0.75,4,9-59m,37777103,0.85,40,158,32110537.55
MR,"C: SIA, 1 dose 9-59 months",NPL,Nepal,2020,0.75,4,9-59m,2298117.5,0.85,40,158,1953399.875
MR,"C: SIA, 1 dose 9-59 months",NPL,Nepal,2024,0.75,4,9-59m,2308577,0.85,40,158,1962290.45
MR,"C: SIA, 1 dose 9-59 months",NPL,Nepal,2028,0.75,4,9-59m,2256904.5,0.85,40,158,1918368.825
MR,"C: SIA, 1 dose 9-59 months",NPL,Nepal,2032,0.75,4,9-59m,2050508.25,0.85,40,158,1742932.0125
MR,"C: SIA, 1 dose 9-59 months",NPL,Nepal,2036,0.75,4,9-59m,1898169,0.85,40,158,1613443.65
MR,"C: SIA, 1 dose 9-59 months",NPL,Nepal,2040,0.75,4,9-59m,1736464.25,0.85,40,158,1475994.6125
MR,"C: SIA, 1 dose 9-59 months",PAK,Pakistan,2021,0.75,14,9m-14y,73644309.75,0.85,40,168,62597663.2875
MR,"C: SIA, 1 dose 9-59 months",PAK,Pakistan,2025,0.75,4,9-59m,24115726.25,0.85,40,158,20498367.3125
MR,"C: SIA, 1 dose 9-59 months",PAK,Pakistan,2028,0.75,4,9-59m,23981576.5,0.85,40,158,20384340.025
MR,"C: SIA, 1 dose 9-59 months",PAK,Pakistan,2032,0.75,4,9-59m,24081409.5,0.85,40,158,20469198.075
MR,"C: SIA, 1 dose 9-59 months",PAK,Pakistan,2036,0.75,4,9-59m,24068884,0.85,40,158,20458551.4
MR,"C: SIA, 1 dose 9-59 months",PAK,Pakistan,2040,0.75,4,9-59m,24305279.75,0.85,40,158,20659487.7875
MR,"C: SIA, 1 dose 9-59 months",PHL,Philippines,2020,0.75,4,9-59m,9149869.75,0.85,40,158,7777389.2875
MR,"C: SIA, 1 dose 9-59 months",PHL,Philippines,2023,0.75,4,9-59m,8904222.5,0.85,40,158,7568589.125
MR,"C: SIA, 1 dose 9-59 months",PHL,Philippines,2025,0.75,4,9-59m,9089074.25,0.85,40,158,7725713.1125
MR,"C: SIA, 1 dose 9-59 months",PHL,Philippines,2028,0.75,4,9-59m,9375027.5,0.85,40,158,7968773.375
MR,"C: SIA, 1 dose 9-59 months",PHL,Philippines,2030,0.75,4,9-59m,9316342,0.85,40,158,7918890.7
MR,"C: SIA, 1 dose 9-59 months",PHL,Philippines,2032,0.75,4,9-59m,9261661,0.85,40,158,7872411.85
MR,"C: SIA, 1 dose 9-59 months",PHL,Philippines,2034,0.75,4,9-59m,9273691,0.85,40,158,7882637.35
MR,"C: SIA, 1 dose 9-59 months",PHL,Philippines,2036,0.75,4,9-59m,9234140.75,0.85,40,158,7849019.6375
MR,"C: SIA, 1 dose 9-59 months",PHL,Philippines,2038,0.75,4,9-59m,9151913.75,0.85,40,158,7779126.6875
MR,"C: SIA, 1 dose 9-59 months",PHL,Philippines,2040,0.75,4,9-59m,9048408.25,0.85,40,158,7691147.0125
MR,"C: SIA, 1 dose 9-59 months",PNG,Papua New Guinea,2022,0.75,4,9-59m,958359.5,0.85,40,158,814605.575
MR,"C: SIA, 1 dose 9-59 months",PNG,Papua New Guinea,2025,0.75,4,9-59m,985956,0.85,40,158,838062.6
MR,"C: SIA, 1 dose 9-59 months",PNG,Papua New Guinea,2028,0.75,4,9-59m,1015556.25,0.85,40,158,863222.8125
MR,"C: SIA, 1 dose 9-59 months",PNG,Papua New Guinea,2032,0.75,4,9-59m,1050862.75,0.85,40,158,893233.3375
MR,"C: SIA, 1 dose 9-59 months",PNG,Papua New Guinea,2034,0.75,4,9-59m,1066196.25,0.85,40,158,906266.8125
MR,"C: SIA, 1 dose 9-59 months",PNG,Papua New Guinea,2036,0.75,4,9-59m,1080537.5,0.85,40,158,918456.875
MR,"C: SIA, 1 dose 9-59 months",PNG,Papua New Guinea,2038,0.75,4,9-59m,1092112.5,0.85,40,158,928295.625
MR,"C: SIA, 1 dose 9-59 months",PNG,Papua New Guinea,2040,0.75,4,9-59m,1101829,0.85,40,158,936554.65
MR,"C: SIA, 1 dose 9-59 months",RWA,Rwanda,2013,0.75,14,9m-14y,4180230,1,40,168,4180230
MR,"C: SIA, 1 dose 9-59 months",RWA,Rwanda,2017,0.75,4,9-59m,1475200.25,0.972196825481829,40,158,1434185
MR,"C: SIA, 1 dose 9-59 months",RWA,Rwanda,2022,0.75,4,9-59m,1648636.5,0.85,40,158,1401341.025
MR,"C: SIA, 1 dose 9-59 months",RWA,Rwanda,2027,0.75,4,9-59m,1666467,0.85,40,158,1416496.95
MR,"C: SIA, 1 dose 9-59 months",SDN,Sudan,2025,0.75,14,9m-14y,17737473.75,0.85,40,168,15076852.6875
MR,"C: SIA, 1 dose 9-59 months",SDN,Sudan,2028,0.75,4,9-59m,6037933.5,0.85,40,158,5132243.475
MR,"C: SIA, 1 dose 9-59 months",SDN,Sudan,2032,0.75,4,9-59m,6403901.25,0.85,40,158,5443316.0625
MR,"C: SIA, 1 dose 9-59 months",SDN,Sudan,2036,0.75,4,9-59m,6713594.25,0.85,40,158,5706555.1125
MR,"C: SIA, 1 dose 9-59 months",SDN,Sudan,2040,0.75,4,9-59m,6988094.5,0.85,40,158,5939880.325
MR,"C: SIA, 1 dose 9-59 months",SEN,Senegal,2013,0.75,14,9m-14y,5627814.25,1,40,168,5627814.25
MR,"C: SIA, 1 dose 9-59 months",SEN,Senegal,2017,0.75,4,9-59m,2137987.25,0.882894881622891,40,158,1887618
MR,"C: SIA, 1 dose 9-59 months",SEN,Senegal,2021,0.75,4,9-59m,2234853.75,0.85,40,158,1899625.6875
MR,"C: SIA, 1 dose 9-59 months",SEN,Senegal,2025,0.75,4,9-59m,2359674.5,0.85,40,158,2005723.325
MR,"C: SIA, 1 dose 9-59 months",SEN,Senegal,2029,0.75,4,9-59m,2500844.5,0.85,40,158,2125717.825
MR,"C: SIA, 1 dose 9-59 months",SEN,Senegal,2033,0.75,4,9-59m,2654590.75,0.85,40,158,2256402.1375
MR,"C: SIA, 1 dose 9-59 months",SEN,Senegal,2037,0.75,4,9-59m,2820440,0.85,40,158,2397374
MR,"C: SIA, 1 dose 9-59 months",SLB,Solomon Islands,2023,0.75,4,9-59m,89872,0.85,40,158,76391.2
MR,"C: SIA, 1 dose 9-59 months",SLB,Solomon Islands,2027,0.75,4,9-59m,92874.25,0.85,40,158,78943.1125
MR,"C: SIA, 1 dose 9-59 months",SLB,Solomon Islands,2031,0.75,4,9-59m,98333.5,0.85,40,158,83583.475
MR,"C: SIA, 1 dose 9-59 months",SLB,Solomon Islands,2035,0.75,4,9-59m,104430,0.85,40,158,88765.5
MR,"C: SIA, 1 dose 9-59 months",SLB,Solomon Islands,2039,0.75,4,9-59m,111272,0.85,40,158,94581.2
MR,"C: SIA, 1 dose 9-59 months",SLE,Sierra Leone,2022,0.75,14,9m-14y,3107417.5,0.85,40,168,2641304.875
MR,"C: SIA, 1 dose 9-59 months",SLE,Sierra Leone,2025,0.75,4,9-59m,1014177,0.85,40,158,862050.45
MR,"C: SIA, 1 dose 9-59 months",SLE,Sierra Leone,2028,0.75,4,9-59m,1030404.75,0.85,40,158,875844.0375
MR,"C: SIA, 1 dose 9-59 months",SLE,Sierra Leone,2032,0.75,4,9-59m,1051533,0.85,40,158,893803.05
MR,"C: SIA, 1 dose 9-59 months",SLE,Sierra Leone,2036,0.75,4,9-59m,1067926,0.85,40,158,907737.1
MR,"C: SIA, 1 dose 9-59 months",SLE,Sierra Leone,2040,0.75,4,9-59m,1077923.25,0.85,40,158,916234.7625
MR,"C: SIA, 1 dose 9-59 months",SOM,Somalia,2025,0.75,14,9m-14y,7773854,0.85,40,168,6607775.9
MR,"C: SIA, 1 dose 9-59 months",SOM,Somalia,2027,0.75,4,9-59m,2839939.5,0.85,40,158,2413948.575
MR,"C: SIA, 1 dose 9-59 months",SOM,Somalia,2029,0.75,4,9-59m,2968050.5,0.85,40,158,2522842.925
MR,"C: SIA, 1 dose 9-59 months",SOM,Somalia,2032,0.75,4,9-59m,3159087.25,0.85,40,158,2685224.1625
MR,"C: SIA, 1 dose 9-59 months",SOM,Somalia,2035,0.75,4,9-59m,3318633.75,0.85,40,158,2820838.6875
MR,"C: SIA, 1 dose 9-59 months",SOM,Somalia,2038,0.75,4,9-59m,3471681.5,0.85,40,158,2950929.275
MR,"C: SIA, 1 dose 9-59 months",SSD,South Sudan,2026,0.75,14,9m-14y,4753529,0.85,40,168,4040499.65
MR,"C: SIA, 1 dose 9-59 months",SSD,South Sudan,2028,0.75,4,9-59m,1597523.75,0.85,40,158,1357895.1875
MR,"C: SIA, 1 dose 9-59 months",SSD,South Sudan,2030,0.75,4,9-59m,1628877.5,0.85,40,158,1384545.875
MR,"C: SIA, 1 dose 9-59 months",SSD,South Sudan,2032,0.75,4,9-59m,1663821.5,0.85,40,158,1414248.275
MR,"C: SIA, 1 dose 9-59 months",SSD,South Sudan,2035,0.75,4,9-59m,1713484,0.85,40,158,1456461.4
MR,"C: SIA, 1 dose 9-59 months",SSD,South Sudan,2038,0.75,4,9-59m,1761243.75,0.85,40,158,1497057.1875
MR,"C: SIA, 1 dose 9-59 months",STP,Sao Tome and Principe,2021,0.75,4,9-59m,27077,0.85,40,158,23015.45
MR,"C: SIA, 1 dose 9-59 months",STP,Sao Tome and Principe,2026,0.75,4,9-59m,28698.75,0.85,40,158,24393.9375
MR,"C: SIA, 1 dose 9-59 months",STP,Sao Tome and Principe,2031,0.75,4,9-59m,31209.75,0.85,40,158,26528.2875
MR,"C: SIA, 1 dose 9-59 months",STP,Sao Tome and Principe,2036,0.75,4,9-59m,33386.25,0.85,40,158,28378.3125
MR,"C: SIA, 1 dose 9-59 months",SWZ,Eswatini,2016,0.75,14,9m-14y,409875.75,0.946877193881317,40,168,388102
MR,"C: SIA, 1 dose 9-59 months",SWZ,Eswatini,2022,0.75,4,9-59m,122008,0.85,40,158,103706.8
MR,"C: SIA, 1 dose 9-59 months",SWZ,Eswatini,2025,0.75,4,9-59m,117819.25,0.85,40,158,100146.3625
MR,"C: SIA, 1 dose 9-59 months",SWZ,Eswatini,2028,0.75,4,9-59m,116129.75,0.85,40,158,98710.2875
MR,"C: SIA, 1 dose 9-59 months",SWZ,Eswatini,2032,0.75,4,9-59m,119655.5,0.85,40,158,101707.175
MR,"C: SIA, 1 dose 9-59 months",SWZ,Eswatini,2036,0.75,4,9-59m,123617.5,0.85,40,158,105074.875
MR,"C: SIA, 1 dose 9-59 months",SWZ,Eswatini,2040,0.75,4,9-59m,127029.75,0.85,40,158,107975.2875
MR,"C: SIA, 1 dose 9-59 months",SYR,Syrian Arab Republic,2022,0.75,4,9-59m,1853958.75,0.85,40,158,1575864.9375
MR,"C: SIA, 1 dose 9-59 months",SYR,Syrian Arab Republic,2024,0.75,4,9-59m,2044064.75,0.85,40,158,1737455.0375
MR,"C: SIA, 1 dose 9-59 months",SYR,Syrian Arab Republic,2026,0.75,4,9-59m,2088243.75,0.85,40,158,1775007.1875
MR,"C: SIA, 1 dose 9-59 months",SYR,Syrian Arab Republic,2029,0.75,4,9-59m,2073272.75,0.85,40,158,1762281.8375
MR,"C: SIA, 1 dose 9-59 months",SYR,Syrian Arab Republic,2032,0.75,4,9-59m,1966249,0.85,40,158,1671311.65
MR,"C: SIA, 1 dose 9-59 months",SYR,Syrian Arab Republic,2035,0.75,4,9-59m,1888543.75,0.85,40,158,1605262.1875
MR,"C: SIA, 1 dose 9-59 months",SYR,Syrian Arab Republic,2038,0.75,4,9-59m,1897561,0.85,40,158,1612926.85
MR,"C: SIA, 1 dose 9-59 months",TCD,Chad,2026,0.75,14,9m-14y,8175979.75,0.85,40,168,6949582.7875
MR,"C: SIA, 1 dose 9-59 months",TCD,Chad,2028,0.75,4,9-59m,2860063.25,0.85,40,158,2431053.7625
MR,"C: SIA, 1 dose 9-59 months",TCD,Chad,2030,0.75,4,9-59m,2947451.75,0.85,40,158,2505333.9875
MR,"C: SIA, 1 dose 9-59 months",TCD,Chad,2032,0.75,4,9-59m,3040699.75,0.85,40,158,2584594.7875
MR,"C: SIA, 1 dose 9-59 months",TCD,Chad,2034,0.75,4,9-59m,3120852.5,0.85,40,158,2652724.625
MR,"C: SIA, 1 dose 9-59 months",TCD,Chad,2036,0.75,4,9-59m,3205782.25,0.85,40,158,2724914.9125
MR,"C: SIA, 1 dose 9-59 months",TCD,Chad,2038,0.75,4,9-59m,3279399.75,0.85,40,158,2787489.7875
MR,"C: SIA, 1 dose 9-59 months",TCD,Chad,2040,0.75,4,9-59m,3347475.25,0.85,40,158,2845353.9625
MR,"C: SIA, 1 dose 9-59 months",TGO,Togo,2018,0.75,14,9m-14y,3076417.5,1,40,168,3076417.5
MR,"C: SIA, 1 dose 9-59 months",TGO,Togo,2021,0.75,4,9-59m,1044849.75,0.85,40,158,888122.2875
MR,"C: SIA, 1 dose 9-59 months",TGO,Togo,2024,0.75,4,9-59m,1090242.5,0.85,40,158,926706.125
MR,"C: SIA, 1 dose 9-59 months",TGO,Togo,2027,0.75,4,9-59m,1145268.25,0.85,40,158,973478.0125
MR,"C: SIA, 1 dose 9-59 months",TGO,Togo,2030,0.75,4,9-59m,1198366,0.85,40,158,1018611.1
MR,"C: SIA, 1 dose 9-59 months",TGO,Togo,2034,0.75,4,9-59m,1271046.5,0.85,40,158,1080389.525
MR,"C: SIA, 1 dose 9-59 months",TGO,Togo,2038,0.75,4,9-59m,1336837,0.85,40,158,1136311.45
MR,"C: SIA, 1 dose 9-59 months",TZA,United Republic of Tanzania,2019,0.75,5,9m-5y,9789705.5,0.726571192565497,40,159,7112918
MR,"C: SIA, 1 dose 9-59 months",TZA,United Republic of Tanzania,2023,0.75,4,9-59m,8753037.75,0.85,40,158,7440082.0875
MR,"C: SIA, 1 dose 9-59 months",TZA,United Republic of Tanzania,2027,0.75,4,9-59m,9524349,0.85,40,158,8095696.65
MR,"C: SIA, 1 dose 9-59 months",TZA,United Republic of Tanzania,2031,0.75,4,9-59m,10347365.5,0.85,40,158,8795260.675
MR,"C: SIA, 1 dose 9-59 months",TZA,United Republic of Tanzania,2035,0.75,4,9-59m,11171105.5,0.85,40,158,9495439.675
MR,"C: SIA, 1 dose 9-59 months",TZA,United Republic of Tanzania,2039,0.75,4,9-59m,11969433.75,0.85,40,158,10174018.6875
MR,"C: SIA, 1 dose 9-59 months",UGA,Uganda,2019,0.75,14,9m-14y,19391061.25,0.882309161908299,40,168,17108911
MR,"C: SIA, 1 dose 9-59 months",UGA,Uganda,2022,0.75,4,9-59m,6740732,0.85,40,158,5729622.2
MR,"C: SIA, 1 dose 9-59 months",UGA,Uganda,2025,0.75,4,9-59m,6879009.25,0.85,40,158,5847157.8625
MR,"C: SIA, 1 dose 9-59 months",UGA,Uganda,2028,0.75,4,9-59m,7085371,0.85,40,158,6022565.35
MR,"C: SIA, 1 dose 9-59 months",UGA,Uganda,2032,0.75,4,9-59m,7438812.75,0.85,40,158,6322990.8375
MR,"C: SIA, 1 dose 9-59 months",UGA,Uganda,2036,0.75,4,9-59m,7645417.75,0.85,40,158,6498605.0875
MR,"C: SIA, 1 dose 9-59 months",UGA,Uganda,2040,0.75,4,9-59m,7812066.5,0.85,40,158,6640256.525
MR,"C: SIA, 1 dose 9-59 months",VEN,Venezuela,2020,0.75,4,9-59m,2055857.25,0.85,40,158,1747478.6625
MR,"C: SIA, 1 dose 9-59 months",VEN,Venezuela,2025,0.75,4,9-59m,2078052.25,0.85,40,158,1766344.4125
MR,"C: SIA, 1 dose 9-59 months",VEN,Venezuela,2030,0.75,4,9-59m,2244078.5,0.85,40,158,1907466.725
MR,"C: SIA, 1 dose 9-59 months",VEN,Venezuela,2035,0.75,4,9-59m,2222935.5,0.85,40,158,1889495.175
MR,"C: SIA, 1 dose 9-59 months",VEN,Venezuela,2040,0.75,4,9-59m,2105860,0.85,40,158,1789981
MR,"C: SIA, 1 dose 9-59 months",VNM,Viet Nam,2020,0.75,4,9-59m,6698572.75,0.85,40,158,5693786.8375
MR,"C: SIA, 1 dose 9-59 months",VNM,Viet Nam,2024,0.75,4,9-59m,6438486.75,0.85,40,158,5472713.7375
MR,"C: SIA, 1 dose 9-59 months",VNM,Viet Nam,2028,0.75,4,9-59m,6036460,0.85,40,158,5130991
MR,"C: SIA, 1 dose 9-59 months",VUT,Vanuatu,2021,0.75,4,9-59m,36279,0.85,40,158,30837.15
MR,"C: SIA, 1 dose 9-59 months",VUT,Vanuatu,2023,0.75,4,9-59m,37078.5,0.85,40,158,31516.725
MR,"C: SIA, 1 dose 9-59 months",VUT,Vanuatu,2025,0.75,4,9-59m,37620.75,0.85,40,158,31977.6375
MR,"C: SIA, 1 dose 9-59 months",VUT,Vanuatu,2027,0.75,4,9-59m,38225.5,0.85,40,158,32491.675
MR,"C: SIA, 1 dose 9-59 months",VUT,Vanuatu,2029,0.75,4,9-59m,39247,0.85,40,158,33359.95
MR,"C: SIA, 1 dose 9-59 months",VUT,Vanuatu,2033,0.75,4,9-59m,41402.75,0.85,40,158,35192.3375
MR,"C: SIA, 1 dose 9-59 months",VUT,Vanuatu,2037,0.75,4,9-59m,43648.75,0.85,40,158,37101.4375
MR,"C: SIA, 1 dose 9-59 months",WSM,Samoa,2020,0.75,4,9-59m,22635.5,0.85,40,158,19240.175
MR,"C: SIA, 1 dose 9-59 months",WSM,Samoa,2022,0.75,4,9-59m,22606.25,0.85,40,158,19215.3125
MR,"C: SIA, 1 dose 9-59 months",WSM,Samoa,2024,0.75,4,9-59m,20795.25,0.85,40,158,17675.9625
MR,"C: SIA, 1 dose 9-59 months",WSM,Samoa,2026,0.75,4,9-59m,18908.5,0.85,40,158,16072.225
MR,"C: SIA, 1 dose 9-59 months",WSM,Samoa,2028,0.75,4,9-59m,18874,0.85,40,158,16042.9
MR,"C: SIA, 1 dose 9-59 months",WSM,Samoa,2030,0.75,4,9-59m,19638.5,0.85,40,158,16692.725
MR,"C: SIA, 1 dose 9-59 months",WSM,Samoa,2034,0.75,4,9-59m,20919.25,0.85,40,158,17781.3625
MR,"C: SIA, 1 dose 9-59 months",WSM,Samoa,2038,0.75,4,9-59m,21505.5,0.85,40,158,18279.675
MR,"C: SIA, 1 dose 9-59 months",YEM,Yemen,2014,0.75,15,9m-15y,10594442.75,1,40,169,10594442.75
MR,"C: SIA, 1 dose 9-59 months",YEM,Yemen,2019,0.75,14,9m-14y,10820018.5,1,40,168,10820018.5
MR,"C: SIA, 1 dose 9-59 months",YEM,Yemen,2022,0.75,4,9-59m,3512562,0.85,40,158,2985677.7
MR,"C: SIA, 1 dose 9-59 months",YEM,Yemen,2025,0.75,4,9-59m,3555150,0.85,40,158,3021877.5
MR,"C: SIA, 1 dose 9-59 months",YEM,Yemen,2028,0.75,4,9-59m,3581400.75,0.85,40,158,3044190.6375
MR,"C: SIA, 1 dose 9-59 months",YEM,Yemen,2032,0.75,4,9-59m,3596859.25,0.85,40,158,3057330.3625
MR,"C: SIA, 1 dose 9-59 months",YEM,Yemen,2036,0.75,4,9-59m,3610634,0.85,40,158,3069038.9
MR,"C: SIA, 1 dose 9-59 months",YEM,Yemen,2040,0.75,4,9-59m,3586592.75,0.85,40,158,3048603.8375
MR,"C: SIA, 1 dose 9-59 months",ZMB,Zambia,2016,0.75,14,9m-14y,7063334.25,0.96351592026103,40,168,6805635
MR,"C: SIA, 1 dose 9-59 months",ZMB,Zambia,2020,0.75,4,9-59m,2493876.5,0.85,40,158,2119795.025
MR,"C: SIA, 1 dose 9-59 months",ZMB,Zambia,2024,0.75,4,9-59m,2703840.25,0.85,40,158,2298264.2125
MR,"C: SIA, 1 dose 9-59 months",ZMB,Zambia,2028,0.75,4,9-59m,2975484.5,0.85,40,158,2529161.825
MR,"C: SIA, 1 dose 9-59 months",ZMB,Zambia,2032,0.75,4,9-59m,3198887,0.85,40,158,2719053.95
MR,"C: SIA, 1 dose 9-59 months",ZMB,Zambia,2036,0.75,4,9-59m,3424946.25,0.85,40,158,2911204.3125
MR,"C: SIA, 1 dose 9-59 months",ZMB,Zambia,2040,0.75,4,9-59m,3626575.75,0.85,40,158,3082589.3875
MR,"C: SIA, 1 dose 9-59 months",ZWE,Zimbabwe,2019,0.75,5,9m-5y,2299168.5,0.610425464684298,40,159,1403471
MR,"C: SIA, 1 dose 9-59 months",ZWE,Zimbabwe,2023,0.75,4,9-59m,1712405.75,0.85,40,158,1455544.8875
MR,"C: SIA, 1 dose 9-59 months",ZWE,Zimbabwe,2027,0.75,4,9-59m,1770237.5,0.85,40,158,1504701.875
MR,"C: SIA, 1 dose 9-59 months",ZWE,Zimbabwe,2031,0.75,4,9-59m,1816359,0.85,40,158,1543905.15
MR,"C: SIA, 1 dose 9-59 months",ZWE,Zimbabwe,2035,0.75,4,9-59m,1899731,0.85,40,158,1614771.35
MR,"C: SIA, 1 dose 9-59 months",ZWE,Zimbabwe,2039,0.75,4,9-59m,1971664.75,0.85,40,158,1675915.0375
Measles,"C: SIA, 1 dose 9-59 months",AFG,Afghanistan,2021,0.75,4,9-59m,4843531.25,0.85,40,158,4117001.5625
Measles,"C: SIA, 1 dose 9-59 months",AGO,Angola,2014,0.5,9,6m-9y,8752047.5,0.867801734394152,27,163,7595042
Measles,"C: SIA, 1 dose 9-59 months",BEN,Benin,2008,0.75,4,9-59m,1246707.25,0.832564340987028,40,158,1037964
Measles,"C: SIA, 1 dose 9-59 months",BFA,Burkina Faso,2001,0.75,14,9m-14y,5219945.25,0.955087603648716,40,168,4985505
Measles,"C: SIA, 1 dose 9-59 months",BFA,Burkina Faso,2004,0.75,4,9-59m,2023175.5,1,40,158,2023175.5
Measles,"C: SIA, 1 dose 9-59 months",BFA,Burkina Faso,2007,0.75,4,9-59m,2208982.75,1,40,158,2208982.75
Measles,"C: SIA, 1 dose 9-59 months",BFA,Burkina Faso,2011,0.75,4,9-59m,2453861.5,0.957613540943529,40,158,2349851
Measles,"C: SIA, 1 dose 9-59 months",BGD,Bangladesh,2010,0.75,4,9-59m,13063277,1,40,158,13063277
Measles,"C: SIA, 1 dose 9-59 months",BWA,Botswana,2013,0.75,4,9-59m,221748.25,0.909003791461714,40,158,201570
Measles,"C: SIA, 1 dose 9-59 months",CIV,Côte d'Ivoire,2008,0.75,4,9-59m,2733274.25,1,40,158,2733274.25
Measles,"C: SIA, 1 dose 9-59 months",CIV,Côte d'Ivoire,2014,0.5,9,6m-9y,6420377.5,1,27,163,6420377.5
Measles,"C: SIA, 1 dose 9-59 months",CMR,Cameroon,2012,0.75,4,9-59m,3047858.25,0.897755005502635,40,158,2736230
Measles,"C: SIA, 1 dose 9-59 months",COD,Democratic Republic of the Congo,2013,0.5,9,6m-9y,22797090,0.28612384299926,27,163,6522791
Measles,"C: SIA, 1 dose 9-59 months",COD,Democratic Republic of the Congo,2017,0.5,4,6-59m,13279620.5,0.354664126132219,27,158,4709805
Measles,"C: SIA, 1 dose 9-59 months",COD,Democratic Republic of the Congo,2020,0.75,4,9-59m,13323063,0.85,40,158,11324603.55
Measles,"C: SIA, 1 dose 9-59 months",COD,Democratic Republic of the Congo,2022,0.75,4,9-59m,13879544.25,0.85,40,158,11797612.6125
Measles,"C: SIA, 1 dose 9-59 months",COM,Comoros,2007,0.75,15,9m-15y,266780.5,0.921517877056232,40,169,245843
Measles,"C: SIA, 1 dose 9-59 months",COM,Comoros,2010,0.5,3,6-47m,75313,0.861444903270352,27,157,64878
Measles,"C: SIA, 1 dose 9-59 months",COM,Comoros,2013,0.75,4,9-59m,95541,0.981777456798652,40,158,93800
Measles,"C: SIA, 1 dose 9-59 months",COM,Comoros,2016,0.75,4,9-59m,100558,0.9783706915412,40,158,98383
Measles,"C: SIA, 1 dose 9-59 months",COM,Comoros,2020,0.75,4,9-59m,104616.25,0.85,40,158,88923.8125
Measles,"C: SIA, 1 dose 9-59 months",DJI,Djibouti,2020,0.75,4,9-59m,85010.5,0.85,40,158,72258.925
Measles,"C: SIA, 1 dose 9-59 months",ERI,Eritrea,2003,0.75,14,9m-14y,1002506.25,1,40,168,1002506.25
Measles,"C: SIA, 1 dose 9-59 months",ERI,Eritrea,2006,0.75,4,9-59m,375033.5,1,40,158,375033.5
Measles,"C: SIA, 1 dose 9-59 months",ERI,Eritrea,2009,0.75,3,9-47m,338504.75,0.828540810727176,40,157,280465
Measles,"C: SIA, 1 dose 9-59 months",ERI,Eritrea,2012,0.75,3,9-47m,351063.25,1,40,157,351063.25
Measles,"C: SIA, 1 dose 9-59 months",ERI,Eritrea,2015,0.75,4,9-59m,436537.75,0.962835401978409,40,158,420314
Measles,"C: SIA, 1 dose 9-59 months",ERI,Eritrea,2018,0.75,14,9m-14y,1370458.5,1,40,168,1370458.5
Measles,"C: SIA, 1 dose 9-59 months",ETH,Ethiopia,2013,0.75,4,9-59m,12571418.25,0.85951113749636,40,158,10805274
Measles,"C: SIA, 1 dose 9-59 months",ETH,Ethiopia,2016,0.5,14,6m-<15y,41559877,0.581429945040502,27,168,24164157
Measles,"C: SIA, 1 dose 9-59 months",ETH,Ethiopia,2017,0.75,14,9m-14y,41362323.5,0.495457708027452,40,168,20493282
Measles,"C: SIA, 1 dose 9-59 months",GAB,Gabon,2020,0.75,4,9-59m,270814.25,0.85,40,158,230192.1125
Measles,"C: SIA, 1 dose 9-59 months",GAB,Gabon,2023,0.75,4,9-59m,276200.5,0.85,40,158,234770.425
Measles,"C: SIA, 1 dose 9-59 months",GAB,Gabon,2026,0.75,4,9-59m,271526,0.85,40,158,230797.1
Measles,"C: SIA, 1 dose 9-59 months",GHA,Ghana,2010,0.75,4,9-59m,3018398.5,1,40,158,3018398.5
Measles,"C: SIA, 1 dose 9-59 months",GIN,Guinea,2020,0.75,4,9-59m,1767562.5,0.85,40,158,1502428.125
Measles,"C: SIA, 1 dose 9-59 months",GIN,Guinea,2022,0.75,4,9-59m,1840918.5,0.85,40,158,1564780.725
Measles,"C: SIA, 1 dose 9-59 months",GNB,Guinea-Bissau,2019,0.75,4,9-59m,255028,0.992204777514626,40,158,253040
Measles,"C: SIA, 1 dose 9-59 months",GNB,Guinea-Bissau,2022,0.75,4,9-59m,263320.25,0.85,40,158,223822.2125
Measles,"C: SIA, 1 dose 9-59 months",GNQ,Equatorial Guinea,2020,0.75,4,9-59m,168155.25,0.85,40,158,142931.9625
Measles,"C: SIA, 1 dose 9-59 months",GNQ,Equatorial Guinea,2023,0.75,4,9-59m,180626,0.85,40,158,153532.1
Measles,"C: SIA, 1 dose 9-59 months",GNQ,Equatorial Guinea,2026,0.75,4,9-59m,192288.25,0.85,40,158,163445.0125
Measles,"C: SIA, 1 dose 9-59 months",IND,India,2020,0.75,4,9-59m,98772217,0.85,40,158,83956384.45
Measles,"C: SIA, 1 dose 9-59 months",JOR,Jordan,2013,0.5,19,6m-19y,3884808.5,0.82493435648115,27,173,3204712
Measles,"C: SIA, 1 dose 9-59 months",KEN,Kenya,2002,0.75,14,9m-14y,14171365.75,0.900908862647907,40,168,12767109
Measles,"C: SIA, 1 dose 9-59 months",KEN,Kenya,2012,0.75,4,9-59m,5944008.25,0.847014133938997,40,158,5034659
Measles,"C: SIA, 1 dose 9-59 months",LBR,Liberia,2015,0.75,4,9-59m,585771.25,0.926706457512211,40,158,542838
Measles,"C: SIA, 1 dose 9-59 months",LSO,Lesotho,2010,0.5,16,6m-15y,760077.5,0.760714532399657,27,170,578202
Measles,"C: SIA, 1 dose 9-59 months",LSO,Lesotho,2013,0.75,4,9-59m,205129.5,0.846518906349404,40,158,173646
Measles,"C: SIA, 1 dose 9-59 months",MDG,Madagascar,2007,0.75,4,9-59m,2727598.25,0.767165399083241,40,158,2092519
Measles,"C: SIA, 1 dose 9-59 months",MDG,Madagascar,2013,0.75,4,9-59m,3021413,1,40,158,3021413
Measles,"C: SIA, 1 dose 9-59 months",MDG,Madagascar,2016,0.75,4,9-59m,3178290,0.958505674434995,40,158,3046409
Measles,"C: SIA, 1 dose 9-59 months",MDG,Madagascar,2021,0.75,4,9-59m,3543211.5,0.85,40,158,3011729.775
Measles,"C: SIA, 1 dose 9-59 months",MLI,Mali,2015,0.75,14,9m-14y,7847076.25,0.993468873199748,40,168,7795826
Measles,"C: SIA, 1 dose 9-59 months",MLI,Mali,2019,0.75,4,9-59m,2971182.75,1,40,158,2971182.75
Measles,"C: SIA, 1 dose 9-59 months",MOZ,Mozambique,2005,0.75,14,9m-14y,8652789.25,0.920843299170843,40,168,7967863
Measles,"C: SIA, 1 dose 9-59 months",MOZ,Mozambique,2011,0.5,4,6-59m,3810938.5,0.803270637928164,27,158,3061215
Measles,"C: SIA, 1 dose 9-59 months",MOZ,Mozambique,2013,0.5,4,6-59m,3969970,0.815319511230564,27,158,3236794
Measles,"C: SIA, 1 dose 9-59 months",MRT,Mauritania,2014,0.75,14,9m-14y,1500722.75,0.878605325334077,40,168,1318543
Measles,"C: SIA, 1 dose 9-59 months",NAM,Namibia,2012,0.75,15,9m-15y,816948.25,1,40,169,816948.25
Measles,"C: SIA, 1 dose 9-59 months",NER,Niger,2012,0.75,14,9m-14y,8336678.75,0.886040379089814,40,168,7386634
Measles,"C: SIA, 1 dose 9-59 months",NER,Niger,2019,0.75,4,9-59m,3892831.75,1,40,158,3892831.75
Measles,"C: SIA, 1 dose 9-59 months",NGA,Nigeria,2015,0.5,10,6m-10y,59009783.5,0.341177289694683,27,164,20132798
Measles,"C: SIA, 1 dose 9-59 months",NGA,Nigeria,2016,0.75,4,9-59m,26769877.5,0.457405567134179,40,158,12244691
Measles,"C: SIA, 1 dose 9-59 months",NGA,Nigeria,2017,0.75,4,9-59m,27287426.75,1,40,158,27287426.75
Measles,"C: SIA, 1 dose 9-59 months",PAK,Pakistan,2018,0.75,4,9-59m,23010707.75,1,40,158,23010707.75
Measles,"C: SIA, 1 dose 9-59 months",SDN,Sudan,2022,0.75,4,9-59m,5517123.25,0.85,40,158,4689554.7625
Measles,"C: SIA, 1 dose 9-59 months",SLE,Sierra Leone,2012,0.75,4,9-59m,913538,1,40,158,913538
Measles,"C: SIA, 1 dose 9-59 months",SLE,Sierra Leone,2015,0.75,4,9-59m,933341.5,0.917150903501023,40,158,856015
Measles,"C: SIA, 1 dose 9-59 months",SLE,Sierra Leone,2019,0.75,14,9m-14y,3002580,0.939559645371647,40,168,2821103
Measles,"C: SIA, 1 dose 9-59 months",SOM,Somalia,2021,0.75,4,9-59m,2442045.25,0.85,40,158,2075738.4625
Measles,"C: SIA, 1 dose 9-59 months",SOM,Somalia,2023,0.75,4,9-59m,2572081.25,0.85,40,158,2186269.0625
Measles,"C: SIA, 1 dose 9-59 months",SSD,South Sudan,2020,0.75,4,9-59m,1439917.25,0.85,40,158,1223929.6625
Measles,"C: SIA, 1 dose 9-59 months",SSD,South Sudan,2022,0.75,4,9-59m,1467641.25,0.85,40,158,1247495.0625
Measles,"C: SIA, 1 dose 9-59 months",SSD,South Sudan,2024,0.75,4,9-59m,1512636.25,0.85,40,158,1285740.8125
Measles,"C: SIA, 1 dose 9-59 months",SWZ,Eswatini,2006,0.75,4,9-59m,122796,1,40,158,122796
Measles,"C: SIA, 1 dose 9-59 months",SWZ,Eswatini,2013,0.5,4,6-59m,135281.5,0.823578981605024,27,158,111415
Measles,"C: SIA, 1 dose 9-59 months",SYR,Syrian Arab Republic,2020,0.75,4,9-59m,1599459.75,0.85,40,158,1359540.7875
Measles,"C: SIA, 1 dose 9-59 months",TCD,Chad,2017,0.75,4,9-59m,2316641.25,0.245480822721257,40,158,568691.000000001
Measles,"C: SIA, 1 dose 9-59 months",TCD,Chad,2018,0.75,9,9m-9y,4778575,0.454933949974626,40,163,2173936
Measles,"C: SIA, 1 dose 9-59 months",TCD,Chad,2020,0.75,4,9-59m,2462316.5,0.85,40,158,2092969.025
Measles,"C: SIA, 1 dose 9-59 months",TCD,Chad,2022,0.75,4,9-59m,2569642,0.85,40,158,2184195.7
Measles,"C: SIA, 1 dose 9-59 months",TCD,Chad,2024,0.75,4,9-59m,2664834.75,0.85,40,158,2265109.5375
Measles,"C: SIA, 1 dose 9-59 months",TGO,Togo,2004,0.75,4,9-59m,771175,1,40,158,771175
Measles,"C: SIA, 1 dose 9-59 months",TZA,United Republic of Tanzania,2011,0.75,4,9-59m,6813875.5,0.931527293094803,40,158,6347311
Measles,"C: SIA, 1 dose 9-59 months",UGA,Uganda,2009,0.75,3,9-47m,3988358.5,1,40,157,3988358.5
Measles,"C: SIA, 1 dose 9-59 months",UGA,Uganda,2012,0.5,4,6-59m,5874039.5,1,27,158,5874039.5
Measles,"C: SIA, 1 dose 9-59 months",UGA,Uganda,2015,0.75,4,9-59m,5919499.75,1,40,158,5919499.75
Measles,"C: SIA, 1 dose 9-59 months",ZAF,South Africa,2021,0.75,4,9-59m,4877775.25,0.85,40,158,4146108.9625
Measles,"C: SIA, 1 dose 9-59 months",ZAF,South Africa,2025,0.75,4,9-59m,4810264,0.85,40,158,4088724.4
Measles,"C: SIA, 1 dose 9-59 months",ZAF,South Africa,2029,0.75,4,9-59m,4765613,0.85,40,158,4050771.05
Measles,"C: SIA, 1 dose 9-59 months",ZAF,South Africa,2033,0.75,4,9-59m,4744466.75,0.85,40,158,4032796.7375
Measles,"C: SIA, 1 dose 9-59 months",ZAF,South Africa,2037,0.75,4,9-59m,4745999.25,0.85,40,158,4034099.3625
Measles,"C: SIA, 1 dose 9-59 months",ZMB,Zambia,2010,0.75,3,9-47m,1623366,0.934988166562562,40,157,1517828
Measles,"C: SIA, 1 dose 9-59 months",ZMB,Zambia,2012,0.5,14,<15y,6521464,0.950801537814209,27,168,6200618
Measles,"C: SIA, 1 dose 9-59 months",ZWE,Zimbabwe,2012,0.5,4,6-59m,1901715,0.782515781807474,27,158,1488122
